{
  "NORMAL": {
    "precision": 0.9282051282051282,
    "recall": 0.7735042735042735,
    "f1-score": 0.8438228438228438,
    "support": 234.0
  },
  "PNEUMONIA": {
    "precision": 0.8764568764568764,
    "recall": 0.9641025641025641,
    "f1-score": 0.9181929181929183,
    "support": 390.0
  },
  "accuracy": 0.8926282051282052,
  "macro avg": {
    "precision": 0.9023310023310023,
    "recall": 0.8688034188034188,
    "f1-score": 0.881007881007881,
    "support": 624.0
  },
  "weighted avg": {
    "precision": 0.8958624708624708,
    "recall": 0.8926282051282052,
    "f1-score": 0.8903041403041403,
    "support": 624.0
  }
}