{
  "loss": [
    0.3273528814315796,
    0.24391421675682068,
    0.22437319159507751,
    0.21462367475032806,
    0.2117280811071396,
    0.19674190878868103,
    0.20037680864334106,
    0.19496256113052368,
    0.17710670828819275
  ],
  "accuracy": [
    0.9148772954940796,
    0.9484279155731201,
    0.9572469592094421,
    0.9635736346244812,
    0.9616564512252808,
    0.9699003100395203,
    0.9654908180236816,
    0.9712423086166382,
    0.974693238735199
  ],
  "auc": [
    0.9642598032951355,
    0.9864122867584229,
    0.990003228187561,
    0.9910539388656616,
    0.991439163684845,
    0.9934840798377991,
    0.9924003481864929,
    0.9933322668075562,
    0.9956371188163757
  ],
  "precision": [
    0.944084882736206,
    0.9646907448768616,
    0.9698919057846069,
    0.9759752154350281,
    0.9744384288787842,
    0.9811076521873474,
    0.9760370850563049,
    0.9818887710571289,
    0.9852216839790344
  ],
  "recall": [
    0.9411612749099731,
    0.965935468673706,
    0.9726451635360718,
    0.9749677181243896,
    0.9739354848861694,
    0.9783225655555725,
    0.977548360824585,
    0.9793548583984375,
    0.9806451797485352
  ],
  "val_loss": [
    0.35329821705818176,
    0.39703211188316345,
    0.3277369737625122,
    0.21545878052711487,
    0.20328524708747864,
    0.3544979691505432,
    0.1892859935760498,
    0.17162753641605377,
    0.15516023337841034
  ],
  "val_accuracy": [
    0.875,
    0.875,
    0.875,
    0.9375,
    0.9375,
    0.875,
    0.9375,
    1.0,
    1.0
  ],
  "val_auc": [
    1.0,
    1.0,
    1.0,
    1.0,
    1.0,
    1.0,
    1.0,
    1.0,
    1.0
  ],
  "val_precision": [
    0.800000011920929,
    0.800000011920929,
    0.800000011920929,
    0.8888888955116272,
    0.8888888955116272,
    0.800000011920929,
    0.8888888955116272,
    1.0,
    1.0
  ],
  "val_recall": [
    1.0,
    1.0,
    1.0,
    1.0,
    1.0,
    1.0,
    1.0,
    1.0,
    1.0
  ],
  "lr": [
    9.999999747378752e-05,
    9.999999747378752e-05,
    9.999999747378752e-05,
    9.999999747378752e-05,
    9.999999747378752e-05,
    9.999999747378752e-05,
    9.999999747378752e-05,
    9.999999747378752e-05,
    9.999999747378752e-06
  ]
}